player_full_name,position
Chris Burgess,KEY_FORWARD
Lachlan Murphy,MEDIUM_FORWARD
Izak Rankine,MIDFIELDER_FORWARD
Isaac Cumming,MIDFIELDER
Mitchell Hinge,MEDIUM_DEFENDER
Jordon Butts,KEY_DEFENDER
James Peatling,MIDFIELDER_FORWARD
Lachlan Sholl,MIDFIELDER
Chayce Jones,MIDFIELDER
Nick Murray,KEY_DEFENDER
Riley Thilthorpe,KEY_FORWARD
Harry Schoenberg,MIDFIELDER
Kieran Strachan,RUCK
James Borlase,KEY_DEFENDER
Josh Worrell,MEDIUM_DEFENDER
Luke Pedlar,MEDIUM_FORWARD
Sam Berry,MIDFIELDER
Mark Keane,KEY_DEFENDER
Billy Dowling,MIDFIELDER
Max Michalanney,MEDIUM_DEFENDER
Josh Rachele,MEDIUM_FORWARD
Zac Taylor,MEDIUM_FORWARD
Jake Soligo,MIDFIELDER
Brayden Cook,MEDIUM_FORWARD
Toby Murray,RUCK
Luke Nankervis,MIDFIELDER
Lachlan McAndrew,RUCK
Tyler Welsh,KEY_FORWARD
Sid Draper,MIDFIELDER_FORWARD
Hugh Bond,MEDIUM_DEFENDER
Daniel Curtin,MIDFIELDER_FORWARD
Oscar Ryan,MEDIUM_DEFENDER
Charlie Edwards,MEDIUM_DEFENDER
Karl Gallagher,MEDIUM_FORWARD
Taylor Walker,KEY_FORWARD
Brodie Smith,MEDIUM_DEFENDER
Rory Laird,MEDIUM_DEFENDER
Alex Neal-Bullen,MEDIUM_FORWARD
Matt Crouch,MIDFIELDER
Reilly O'Brien,RUCK
Wayne Milera,MEDIUM_DEFENDER
Jordan Dawson,MIDFIELDER
Ben Keays,MEDIUM_FORWARD
Darcy Fogarty,KEY_FORWARD
Tom Doedee,MEDIUM_DEFENDER
Hugh McCluggage,MIDFIELDER
Cam Rayner,MEDIUM_FORWARD
Zac Bailey,MIDFIELDER_FORWARD
Jack Payne,KEY_DEFENDER
Brandon Starcevich,MEDIUM_DEFENDER
Darragh Joyce,KEY_DEFENDER
Noah Answerth,MEDIUM_DEFENDER
Oscar McInerney,RUCK
Keidean Coleman,MEDIUM_DEFENDER
Luke Beecken,MEDIUM_DEFENDER
Bruce Reville,MIDFIELDER
Deven Robertson,MEDIUM_FORWARD
Brandon Ryan,KEY_FORWARD
Kai Lohmann,MEDIUM_FORWARD
Henry Smith,RUCK
Darcy Wilmot,MEDIUM_DEFENDER
James Tunstill,MIDFIELDER
Will Ashcroft,MIDFIELDER
Jaspa Fletcher,MEDIUM_DEFENDER
Reece Torrent,MIDFIELDER
Darcy Craven,MEDIUM_FORWARD
Luke Lloyd,KEY_DEFENDER
Logan Morris,KEY_FORWARD
Shadeau Brain,MEDIUM_DEFENDER
Sam Marshall,MIDFIELDER
Levi Ashcroft,MIDFIELDER_FORWARD
Will McLachlan,MEDIUM_FORWARD
Zane Zakostelsky,RUCK
Ty Gallop,KEY_FORWARD
Dayne Zorko,MEDIUM_DEFENDER
Ryan Lester,MEDIUM_DEFENDER
Sam Day,KEY_FORWARD
Lachie Neale,MIDFIELDER
Lincoln McCarthy,MEDIUM_FORWARD
Darcy Gardiner,KEY_FORWARD
Darcy Fort,RUCK
Callum Ah Chee,MEDIUM_FORWARD
Charlie Cameron,MEDIUM_FORWARD
Josh Dunkley,MIDFIELDER
Eric Hipwood,KEY_FORWARD
Harris Andrews,KEY_DEFENDER
Conor McKenna,MEDIUM_FORWARD
Jarrod Berry,MIDFIELDER
Lachie Schultz,MEDIUM_FORWARD
Patrick Lipinski,MIDFIELDER
Beau McCreery,MEDIUM_FORWARD
Josh Daicos,MEDIUM_DEFENDER
Bobby Hill,MEDIUM_FORWARD
Isaac Quaynor,MEDIUM_DEFENDER
Charlie Dean,KEY_DEFENDER
Finlay Macrae,MIDFIELDER
Wil Parker,MEDIUM_DEFENDER
Reef McInnes,KEY_DEFENDER
Harvey Harrison,MEDIUM_FORWARD
Ned Long,MIDFIELDER
Jakob Ryan,MEDIUM_DEFENDER
Noah Howes,KEY_FORWARD
Oscar Steene,RUCK
Edward Allan,MIDFIELDER
Nick Daicos,MIDFIELDER
Charlie West,KEY_FORWARD
Roan Steele,MIDFIELDER
Harry DeMattia,MIDFIELDER
Iliro Smit,RUCK
Joel Cochran,MEDIUM_DEFENDER
Tew Jiath,MEDIUM_DEFENDER
William Hayes,MEDIUM_FORWARD
Scott Pendlebury,MIDFIELDER
Steele Sidebottom,MIDFIELDER
Jeremy Howe,MEDIUM_DEFENDER
Will Hoskin-Elliott,MEDIUM_FORWARD
Brody Mihocek,KEY_FORWARD
Tom Mitchell,MIDFIELDER
Jamie Elliott,MEDIUM_FORWARD
Jack Crisp,MIDFIELDER
Tim Membrey,KEY_FORWARD
Daniel McStay,KEY_FORWARD
Darcy Moore,KEY_DEFENDER
Oleg Markov,MEDIUM_DEFENDER
Darcy Cameron,RUCK
Billy Frampton,KEY_DEFENDER
Brayden Maynard,MEDIUM_DEFENDER
Jordan De Goey,MEDIUM_FORWARD
Dan Houston,MEDIUM_DEFENDER
Ash Johnson,KEY_FORWARD
Harry Perryman,MEDIUM_DEFENDER
Lachlan Sullivan,MEDIUM_FORWARD
Mason Cox,KEY_FORWARD
John Noble,MEDIUM_DEFENDER
Daniel Rioli,MEDIUM_DEFENDER
Elliott Himmelberg,KEY_FORWARD
Malcolm Rosas,MEDIUM_FORWARD
Joel Jeffrey,MEDIUM_DEFENDER
Caleb Graham,KEY_DEFENDER
Thomas Berry,MEDIUM_FORWARD
Ben King,KEY_FORWARD
Wil Powell,MEDIUM_DEFENDER
Connor Budarick,MIDFIELDER
Charlie Ballard,KEY_DEFENDER
Noah Anderson,MIDFIELDER
Matt Rowell,MIDFIELDER
Sam Flanders,MEDIUM_FORWARD
Ben Jepson,MIDFIELDER
Sam Clohesy,MIDFIELDER
Alex Davies,MIDFIELDER
Mac Andrew,KEY_DEFENDER
Bodhi Uwland,MEDIUM_DEFENDER
Jake Rogers,MEDIUM_FORWARD
Ned Moyle,RUCK
Bailey Humphrey,MIDFIELDER_FORWARD
Jed Walter,KEY_FORWARD
Lloyd Johnston,MEDIUM_DEFENDER
Will Graham,MEDIUM_FORWARD
Ethan Read,KEY_FORWARD
Max Knobel,RUCK
Asher Eastham,MEDIUM_DEFENDER
Cooper Bell,KEY_DEFENDER
Leonardo Lombard,MIDFIELDER_FORWARD
Lachlan Gulbin,MEDIUM_FORWARD
Zak Evans,MEDIUM_DEFENDER
David Swallow,MEDIUM_FORWARD
Jarrod Witts,RUCK
Sean Lemmens,MEDIUM_DEFENDER
Alex Sexton,MEDIUM_FORWARD
Sam Collins,KEY_DEFENDER
Nick Holman,MIDFIELDER_FORWARD
Touk Miller,MIDFIELDER
Lachie Weller,MIDFIELDER
Brayden Fiorini,MIDFIELDER
Ben Long,MEDIUM_FORWARD
Ben Ainsworth,MEDIUM_FORWARD
Jy Farrar,MEDIUM_DEFENDER
Harry McKay,KEY_FORWARD
Jack Silvagni,KEY_DEFENDER
Lachie Fogarty,MEDIUM_FORWARD
Adam Cerra,MIDFIELDER
Jordan Boyd,MEDIUM_DEFENDER
Tom De Koning,RUCK
Sam Walsh,MIDFIELDER
Matthew Cottrell,MIDFIELDER_FORWARD
Corey Durdin,MEDIUM_FORWARD
Brodie Kemp,KEY_FORWARD
Elijah Hollands,MEDIUM_FORWARD
Alex Cincotta,MIDFIELDER
Francis Evans,MEDIUM_FORWARD
Jesse Motlop,MEDIUM_FORWARD
Harry Lemmey,KEY_FORWARD
Ashton Moir,MEDIUM_FORWARD
Flynn Young,MEDIUM_FORWARD
Lachlan Cowan,MEDIUM_DEFENDER
Lucas Camporeale,MIDFIELDER
Hudson O'Keeffe,RUCK
Oliver Hollands,MEDIUM_DEFENDER
Jaxon Binns,MIDFIELDER
Ben Camporeale,MIDFIELDER
Billy Wilson,MEDIUM_DEFENDER
Will White,MEDIUM_FORWARD
Matthew Carroll,MEDIUM_DEFENDER
Harry Charleson,MEDIUM_DEFENDER
Jagga Smith,MIDFIELDER
Harry O'Farrell,KEY_DEFENDER
Cooper Lord,MIDFIELDER_FORWARD
Rob Monahan,MEDIUM_DEFENDER
Matt Duffy,MEDIUM_DEFENDER
George Hewett,MIDFIELDER
Zac Williams,MEDIUM_FORWARD
Nick Haynes,MEDIUM_DEFENDER
Adam Saad,MEDIUM_DEFENDER
Sam Docherty,MIDFIELDER
Blake Acres,MIDFIELDER
Orazio Fantasia,MEDIUM_FORWARD
Mitch McGovern,MEDIUM_DEFENDER
Nic Newman,MEDIUM_DEFENDER
Marc Pittonet,RUCK
Patrick Cripps,MIDFIELDER
Jacob Weitering,KEY_DEFENDER
Charlie Curnow,KEY_FORWARD
Lewis Young,KEY_FORWARD
Callum Coleman-Jones,KEY_FORWARD
Nick Larkey,KEY_FORWARD
Toby Pink,KEY_DEFENDER
Luke Davies-Uniacke,MIDFIELDER
Paul Curtis,MEDIUM_FORWARD
Dylan Stephens,MIDFIELDER
Tristan Xerri,RUCK
Bailey Scott,MIDFIELDER
Brynn Teakle,RUCK
Tom Powell,MIDFIELDER
Kallan Dawson,KEY_DEFENDER
Will Phillips,MIDFIELDER
Eddie Ford,MIDFIELDER_FORWARD
Charlie Comben,KEY_DEFENDER
Miller Bergman,MEDIUM_DEFENDER
Josh Goater,MEDIUM_DEFENDER
Zac Banch,MEDIUM_FORWARD
Jackson Archer,MEDIUM_DEFENDER
Cooper Harvey,MEDIUM_FORWARD
Robert Hansen Jr,MIDFIELDER_FORWARD
George Wardlaw,MIDFIELDER
Zane Duursma,MEDIUM_FORWARD
Harry Sheezel,MIDFIELDER
Jacob Konstanty,MEDIUM_FORWARD
Brayden George,MEDIUM_FORWARD
Riley Hardeman,MEDIUM_DEFENDER
Colby McKercher,MIDFIELDER_FORWARD
Geordie Payne,MEDIUM_FORWARD
Finn O'Sullivan,MEDIUM_DEFENDER
Matt Whitlock,KEY_DEFENDER
Wil Dawson,KEY_DEFENDER
Luke Urquhart,MIDFIELDER_FORWARD
Taylor Goad,RUCK
Finnbar Maley,KEY_FORWARD
Cooper Trembath,KEY_DEFENDER
River Stevens,MEDIUM_FORWARD
Luke Parker,MIDFIELDER
Jack Darling,KEY_FORWARD
Aidan Corr,KEY_DEFENDER
Caleb Daniel,MEDIUM_DEFENDER
Luke McDonald,MEDIUM_DEFENDER
Darcy Tucker,MEDIUM_DEFENDER
Jy Simpkin,MIDFIELDER_FORWARD
Griffin Logue,KEY_DEFENDER
Cameron Zurhaar,MEDIUM_FORWARD
Zac Fisher,MEDIUM_DEFENDER
Willem Drew,MIDFIELDER
Connor Rozee,MEDIUM_DEFENDER
Esava Ratugolea,KEY_DEFENDER
Kane Farrell,MEDIUM_DEFENDER
Brandon Zerk-Thatcher,KEY_DEFENDER
Jack Lukosius,KEY_FORWARD
Jed McEntee,MEDIUM_FORWARD
Todd Marshall,KEY_FORWARD
Jackson Mead,MIDFIELDER_FORWARD
Zak Butters,MIDFIELDER
Joe Richards,MEDIUM_FORWARD
Mani Liddy,MIDFIELDER
Miles Bergman,MEDIUM_DEFENDER
Dylan Williams,MEDIUM_DEFENDER
Mitch Georgiades,KEY_FORWARD
Lachie Jones,MEDIUM_DEFENDER
Jason Horne-Francis,MIDFIELDER
Ollie Lord,KEY_FORWARD
Jase Burgoyne,MIDFIELDER
Lachlan Charleson,MEDIUM_FORWARD
Hugh Jackson,MIDFIELDER
Josh Sinn,MEDIUM_DEFENDER
Dante Visentini,RUCK
Logan Evans,MEDIUM_DEFENDER
Tom Cochrane,MEDIUM_FORWARD
Benny Barrett,MIDFIELDER_FORWARD
Harrison Ramm,KEY_DEFENDER
Tom Anastasopoulos,MIDFIELDER
Ewan Mackinlay,MIDFIELDER_FORWARD
Joe Berry,MEDIUM_FORWARD
Christian Moraes,MIDFIELDER
Xavier Walsh,KEY_DEFENDER
Will Lorenz,MIDFIELDER
Jack Whitlock,KEY_FORWARD
Jacob Moss,KEY_DEFENDER
Josh Lai,MEDIUM_DEFENDER
Travis Boak,MIDFIELDER_FORWARD
Ollie Wines,MIDFIELDER
Aliir Aliir,KEY_DEFENDER
Rory Atkins,MEDIUM_DEFENDER
Willie Rioli,MEDIUM_FORWARD
Jeremy Finlayson,KEY_FORWARD
Darcy Byrne-Jones,MEDIUM_FORWARD
Ryan Burton,MEDIUM_DEFENDER
Jordon Sweet,RUCK
Sam Powell-Pepper,MEDIUM_FORWARD
Ivan Soldo,RUCK
Lachlan Bramble,MEDIUM_DEFENDER
Matthew Kennedy,MIDFIELDER
Aaron Naughton,KEY_FORWARD
Tim English,RUCK
Laitham Vandermeer,MEDIUM_FORWARD
Nick Coffield,KEY_DEFENDER
Rhylee West,MEDIUM_FORWARD
Riley Garcia,MEDIUM_FORWARD
Ed Richards,MIDFIELDER
Oskar Baker,MEDIUM_DEFENDER
Lachlan McNeil,MEDIUM_FORWARD
Jamarra Ugle-Hagan,KEY_FORWARD
Caleb Poulter,MEDIUM_FORWARD
Cody Weightman,MEDIUM_FORWARD
Jordan Croft,KEY_FORWARD
Luke Cleary,MEDIUM_DEFENDER
Harvey Gallagher,MEDIUM_DEFENDER
Sam Darcy,KEY_FORWARD
Ryley Sanders,MEDIUM_FORWARD
Arthur Jones,MIDFIELDER_FORWARD
Michael Sellwood,MEDIUM_DEFENDER
Jedd Busslinger,KEY_DEFENDER
Lachlan Smith,RUCK
Joel Freijah,MIDFIELDER_FORWARD
Lachie Jaques,MEDIUM_DEFENDER
Cooper Hynes,MEDIUM_FORWARD
Luke Kennedy,MIDFIELDER
James O'Donnell,KEY_DEFENDER
Josh Dolan,MEDIUM_FORWARD
Sam Davidson,MIDFIELDER
Zac Walker,KEY_DEFENDER
Liam Jones,KEY_DEFENDER
Taylor Duryea,MEDIUM_DEFENDER
Tom Liberatore,MIDFIELDER
Adam Treloar,MIDFIELDER_FORWARD
Jason Johannisen,MEDIUM_DEFENDER
Marcus Bontempelli,MIDFIELDER
James Harmes,MIDFIELDER
Rory Lobb,KEY_DEFENDER
Anthony Scott,MIDFIELDER
Bailey Williams,MIDFIELDER
Bailey Dale,MEDIUM_DEFENDER
Ryan Gardner,KEY_DEFENDER
Buku Khamis,KEY_DEFENDER
Mitch Lewis,KEY_FORWARD
Harry Morrison,MIDFIELDER
Lloyd Meek,RUCK
Ned Reeves,RUCK
James Worpel,MIDFIELDER
Massimo D'Ambrosio,MIDFIELDER
Dylan Moore,MEDIUM_FORWARD
Conor Nash,MIDFIELDER
Will Day,MIDFIELDER
Finn Maginness,MEDIUM_FORWARD
Sam Butler,MIDFIELDER
James Blanck,KEY_DEFENDER
Jack Ginnivan,MEDIUM_FORWARD
Jai Serong,KEY_DEFENDER
Connor Macdonald,MEDIUM_FORWARD
Josh Ward,MIDFIELDER
Seamus Mitchell,MEDIUM_DEFENDER
Jasper Scaife,KEY_FORWARD
Jai Newcombe,MIDFIELDER
William McCabe,KEY_FORWARD
Bodie Ryan,MEDIUM_DEFENDER
Nick Watson,MEDIUM_FORWARD
Cam Mackenzie,MIDFIELDER
Henry Hustwaite,MIDFIELDER
Josh Weddle,MEDIUM_DEFENDER
Max Ramsden,RUCK
Cody Anderson,MIDFIELDER_FORWARD
Noah Mraz,KEY_DEFENDER
Bailey Macdonald,MEDIUM_DEFENDER
Calsher Dear,KEY_FORWARD
Jaime Uhr-Henry,RUCK
Matt Hill,MEDIUM_FORWARD
Luke Breust,MEDIUM_FORWARD
Jack Gunston,KEY_FORWARD
Sam Frost,KEY_DEFENDER
Jarman Impey,MEDIUM_DEFENDER
Karl Amon,MEDIUM_DEFENDER
James Sicily,MEDIUM_DEFENDER
Tom Barrass,KEY_DEFENDER
Blake Hardwick,MEDIUM_FORWARD
Mabior Chol,KEY_FORWARD
Jack Scrimshaw,MEDIUM_DEFENDER
Josh Battle,KEY_DEFENDER
Changkuoth Jiath,MEDIUM_DEFENDER
Jack Henry,KEY_DEFENDER
Zach Guthrie,MEDIUM_DEFENDER
Gryan Miers,MEDIUM_FORWARD
Bailey Smith,MIDFIELDER
Mark O'Connor,MEDIUM_DEFENDER
Sam De Koning,KEY_DEFENDER
Tanner Bruhn,MIDFIELDER
Oliver Henry,KEY_FORWARD
Lawson Humphries,MEDIUM_DEFENDER
Max Holmes,MIDFIELDER
Shannon Neale,KEY_FORWARD
Toby Conway,RUCK
Oliver Wiltshire,MEDIUM_FORWARD
Mitch Knevitt,MIDFIELDER
Jhye Clark,MIDFIELDER
Ted Clohesy,MEDIUM_FORWARD
George Stevens,MIDFIELDER
Mitchell Edwards,RUCK
Oisin Mullin,MEDIUM_DEFENDER
Oliver Dempsey,MIDFIELDER
Jacob Molier,RUCK
Jay Polkinghorne,KEY_FORWARD
Joe Pike,RUCK
Connor O'Sullivan,KEY_DEFENDER
Xavier Ivisic,MEDIUM_FORWARD
Patrick Retschko,MIDFIELDER
Lennox Hofmann,KEY_DEFENDER
Keighton Matofai-Forbes,MEDIUM_FORWARD
Cillian Burke,MEDIUM_DEFENDER
Patrick Dangerfield,MEDIUM_FORWARD
Rhys Stanley,RUCK
Mitch Duncan,MEDIUM_DEFENDER
Cameron Guthrie,MIDFIELDER
Tom Stewart,MEDIUM_DEFENDER
Jeremy Cameron,KEY_FORWARD
Jed Bews,MEDIUM_DEFENDER
Jack Martin,MEDIUM_FORWARD
Jake Kolodjashnij,KEY_DEFENDER
Mark Blicavs,RUCK
Shaun Mannagh,MEDIUM_FORWARD
Tom Atkins,MIDFIELDER
Tyson Stengle,MEDIUM_FORWARD
Jack Bowes,MEDIUM_DEFENDER
Brad Close,MEDIUM_FORWARD
Harry Boyd,RUCK
Jack Higgins,MEDIUM_FORWARD
Paddy Dow,MIDFIELDER
Hunter Clark,MIDFIELDER
Liam Henry,MEDIUM_FORWARD
Max King,KEY_FORWARD
Liam Stocker,MEDIUM_DEFENDER
Ryan Byrnes,MEDIUM_DEFENDER
Jack Carroll,MIDFIELDER
Isaac Keeler,KEY_FORWARD
Nasiah Wanganeen-Milera,MEDIUM_DEFENDER
Max Heath,RUCK
Angus McLennan,MEDIUM_DEFENDER
Lance Collard,MEDIUM_FORWARD
Cooper Sharman,KEY_FORWARD
Mattaes Phillipou,KEY_FORWARD
Max Hall,MEDIUM_FORWARD
Marcus Windhager,MIDFIELDER
Mitch Owens,KEY_FORWARD
Anthony Caminiti,KEY_DEFENDER
Arie Schoenmaker,MEDIUM_DEFENDER
Alex Dodson,KEY_FORWARD
Hugo Garcia,MIDFIELDER
Angus Hastie,MEDIUM_DEFENDER
Darcy Wilson,MIDFIELDER_FORWARD
Patrick Said,MEDIUM_FORWARD
Tobie Travaglia,MIDFIELDER
James Barrat,KEY_DEFENDER
Hugh Boxshall,MIDFIELDER
Alixzander Tauru,KEY_DEFENDER
Liam O'Connell,MEDIUM_DEFENDER
Eamonn Armstrong,MEDIUM_DEFENDER
Jimmy Webster,MEDIUM_DEFENDER
Mason Wood,KEY_FORWARD
Jack Macrae,MIDFIELDER
Bradley Hill,MIDFIELDER_FORWARD
Jack Steele,MIDFIELDER
Callum Wilkie,KEY_DEFENDER
Zaine Cordy,KEY_DEFENDER
Zak Jones,MIDFIELDER
Dan Butler,MIDFIELDER_FORWARD
Rowan Marshall,RUCK
Dougal Howard,KEY_DEFENDER
Jack Sinclair,MEDIUM_DEFENDER
Jordan Ridley,MEDIUM_DEFENDER
Ben McKay,KEY_DEFENDER
Sam Draper,RUCK
Xavier Duursma,MIDFIELDER
Jye Caldwell,MIDFIELDER
Jaxon Prior,MEDIUM_DEFENDER
Harrison Jones,MIDFIELDER_FORWARD
Nick Bryan,RUCK
Nic Martin,MIDFIELDER_FORWARD
Zach Reid,KEY_DEFENDER
Liam McMahon,KEY_FORWARD
Jye Menzie,MEDIUM_FORWARD
Sam Durham,MIDFIELDER
Nik Cox,MIDFIELDER
Archie Perkins,MEDIUM_FORWARD
Saad El-Hawli,MIDFIELDER
Ben Hobbs,MEDIUM_FORWARD
Alwyn Davey Jnr,MEDIUM_FORWARD
Thomas Edwards,KEY_FORWARD
Jayden Nguyen,MEDIUM_DEFENDER
Lewis Hayes,MEDIUM_DEFENDER
Archie Roberts,MEDIUM_DEFENDER
Elijah Tsatas,MIDFIELDER
Angus Clarke,MIDFIELDER
Oskar Smartt,MEDIUM_FORWARD
Luamon Lual,MIDFIELDER_FORWARD
Nate Caddy,KEY_FORWARD
Vigo Visentini,RUCK
Lachlan Blakiston,RUCK
Zak Johnson,MEDIUM_DEFENDER
Isaac Kako,MEDIUM_FORWARD
Archer May,KEY_FORWARD
Kayle Gerreyn,KEY_FORWARD
Archer Day-Wicks,MEDIUM_FORWARD
Rhys Unwin,MEDIUM_FORWARD
Todd Goldstein,RUCK
Dylan Shiel,MIDFIELDER
Jayden Laverde,MEDIUM_DEFENDER
Peter Wright,KEY_FORWARD
Jade Gresham,MEDIUM_FORWARD
Kyle Langford,KEY_FORWARD
Zach Merrett,MIDFIELDER
Darcy Parish,MIDFIELDER
Matt Guelfi,MEDIUM_FORWARD
Mason Redman,MEDIUM_DEFENDER
Andrew McGrath,MEDIUM_DEFENDER
Will Setterfield,MIDFIELDER
Hayden McLean,KEY_FORWARD
Ben Paton,MEDIUM_DEFENDER
Nick Blakey,MEDIUM_DEFENDER
James Rowbottom,MIDFIELDER
Sam Wicks,MEDIUM_DEFENDER
Joel Amartey,KEY_FORWARD
Tom McCartin,KEY_DEFENDER
Riley Bice,MEDIUM_DEFENDER
Jack Buller,KEY_FORWARD
Justin McInerney,MIDFIELDER_FORWARD
Chad Warner,MIDFIELDER
Matt Roberts,MEDIUM_DEFENDER
Errol Gulden,MIDFIELDER
Braeden Campbell,MEDIUM_FORWARD
Logan McDonald,KEY_FORWARD
James Jordon,MIDFIELDER
William Edwards,KEY_DEFENDER
Corey Warner,MIDFIELDER_FORWARD
Angus Sheldrick,MIDFIELDER
Caiden Cleary,MEDIUM_FORWARD
Caleb Mitchell,MEDIUM_DEFENDER
Patrick Snell,KEY_DEFENDER
Indhi Kirk,MIDFIELDER
Ned Bowman,MEDIUM_FORWARD
Riak Andrew,KEY_DEFENDER
Tom Hanily,MEDIUM_FORWARD
William Green,RUCK
Blake Leidler,MEDIUM_DEFENDER
Jesse Dattoli,MIDFIELDER_FORWARD
Dane Rampe,MEDIUM_DEFENDER
Taylor Adams,MEDIUM_FORWARD
Robbie Fox,MEDIUM_FORWARD
Harry Cunningham,MEDIUM_DEFENDER
Brodie Grundy,RUCK
Joel Hamling,KEY_DEFENDER
Jake Lloyd,MIDFIELDER
Isaac Heeney,MIDFIELDER
Aaron Francis,KEY_FORWARD
Callum Mills,MIDFIELDER_FORWARD
Lewis Melican,KEY_DEFENDER
Tom Papley,MEDIUM_FORWARD
Will Hayward,MEDIUM_FORWARD
Peter Ladhams,KEY_FORWARD
Oliver Florent,MIDFIELDER
Andrew Brayshaw,MIDFIELDER
Jordan Clark,MEDIUM_DEFENDER
Hayden Young,MIDFIELDER
Jeremy Sharp,MIDFIELDER
Luke Jackson,RUCK
Brandon Walker,MEDIUM_DEFENDER
Caleb Serong,MIDFIELDER
Isaiah Dudley,MEDIUM_FORWARD
Josh Treacy,KEY_FORWARD
Nathan O'Driscoll,MIDFIELDER
Heath Chapman,MEDIUM_DEFENDER
Sam Sturt,MEDIUM_FORWARD
Matthew Johnson,MIDFIELDER
Patrick Voss,KEY_FORWARD
Jack Delean,MEDIUM_FORWARD
Neil Erasmus,MIDFIELDER
Jye Amiss,KEY_FORWARD
Joshua Draper,KEY_DEFENDER
Karl Worner,MEDIUM_DEFENDER
Hugh Davies,KEY_DEFENDER
Jaren Carr,MEDIUM_DEFENDER
Liam Reidy,RUCK
Charlie Nicholls,KEY_FORWARD
Cooper Simpson,MEDIUM_DEFENDER
Ollie Murphy,KEY_DEFENDER
Aiden Riddle,KEY_FORWARD
Odin Jones,KEY_FORWARD
Murphy Reid,MEDIUM_FORWARD
Michael Walters,MEDIUM_FORWARD
Nat Fyfe,MIDFIELDER
Jaeger O'Meara,MIDFIELDER
James Aish,MEDIUM_DEFENDER
Alex Pearce,KEY_DEFENDER
Sam Switkowski,MEDIUM_FORWARD
Oscar McDonald,KEY_FORWARD
Corey Wagner,MEDIUM_DEFENDER
Shai Bolton,MIDFIELDER_FORWARD
Brennan Cox,KEY_DEFENDER
Will Brodie,MIDFIELDER
Sean Darcy,RUCK
Bailey Banfield,MEDIUM_FORWARD
Luke Ryan,MEDIUM_DEFENDER
Michael Frederick,MEDIUM_FORWARD
Quinton Narkle,MEDIUM_FORWARD
Brent Daniels,MEDIUM_FORWARD
Jacob Wehr,MIDFIELDER
Sam Taylor,KEY_DEFENDER
Xavier O'Halloran,MIDFIELDER_FORWARD
Connor Idun,MEDIUM_DEFENDER
Jake Riccardi,KEY_FORWARD
Toby Bedford,MIDFIELDER
Kieren Briggs,RUCK
Leek Aleer,KEY_DEFENDER
Lachie Ash,MEDIUM_DEFENDER
Tom Green,MIDFIELDER
Jack Buckley,KEY_DEFENDER
Callum M. Brown,MEDIUM_FORWARD
Ryan Angwin,MIDFIELDER
Conor Stone,MEDIUM_DEFENDER
Wade Derksen,KEY_DEFENDER
Josh Fahey,MEDIUM_DEFENDER
Aaron Cadman,KEY_FORWARD
Darcy Jones,MEDIUM_FORWARD
Harry Rowston,MEDIUM_FORWARD
Finn Callaghan,MIDFIELDER
Nicholas Madden,RUCK
Max Gruzewski,KEY_FORWARD
Harvey Thomas,MEDIUM_FORWARD
Toby McMullin,MIDFIELDER
Oliver Hannaford,MEDIUM_FORWARD
Jack Ough,MIDFIELDER
Harrison Oliver,MEDIUM_DEFENDER
Josaia Delana,MEDIUM_FORWARD
Phoenix Gothard,MEDIUM_FORWARD
James Leake,MIDFIELDER_FORWARD
Logan Smith,RUCK
Cody Angove,MEDIUM_FORWARD
Joe Fonti,MEDIUM_DEFENDER
Nathan Wardius,MEDIUM_FORWARD
Callan Ward,MIDFIELDER
Lachlan Keeffe,RUCK
Stephen Coniglio,MIDFIELDER_FORWARD
Jake Stringer,MEDIUM_FORWARD
Lachie Whitfield,MEDIUM_DEFENDER
Toby Greene,MEDIUM_FORWARD
Jesse Hogan,KEY_FORWARD
Josh Kelly,MIDFIELDER
Harry Himmelberg,MEDIUM_DEFENDER
Noah Balta,KEY_DEFENDER
Ben Miller,KEY_DEFENDER
Jacob Koschitzke,KEY_DEFENDER
Jack Ross,MIDFIELDER_FORWARD
Rhyan Mansell,MEDIUM_FORWARD
Mykelti Lefau,KEY_FORWARD
Thomson Dow,MIDFIELDER
Maurice Rioli,MEDIUM_FORWARD
Hugo Ralphsmith,MIDFIELDER
Samson Ryan,RUCK
Sam Banks,MEDIUM_DEFENDER
Jacob Blight,KEY_DEFENDER
Judson Clarke,MEDIUM_DEFENDER
Josh Gibcus,KEY_DEFENDER
Tom Brown,MEDIUM_DEFENDER
Tyler Sonsie,MIDFIELDER_FORWARD
Tylar Young,KEY_DEFENDER
Thomas Sims,KEY_FORWARD
Kane McAuliffe,MIDFIELDER
Jacob Bauer,KEY_FORWARD
Mate Colina,RUCK
Liam Fawcett,KEY_FORWARD
Kaleb Smith,MEDIUM_DEFENDER
Steely Green,MEDIUM_FORWARD
Seth Campbell,MEDIUM_FORWARD
Sam Lalor,MEDIUM_FORWARD
Jonty Faull,KEY_FORWARD
Luke Trainor,MEDIUM_DEFENDER
Harry Armstrong,KEY_FORWARD
Jasper Alger,MEDIUM_FORWARD
Josh Smillie,MIDFIELDER
James Trezise,MIDFIELDER
Taj Hotton,MIDFIELDER_FORWARD
Oliver Hayes-Brown,RUCK
Campbell Gray,KEY_DEFENDER
Dion Prestia,MIDFIELDER
Tom Lynch,KEY_FORWARD
Kamdyn McIntosh,MIDFIELDER
Nick Vlastuin,MEDIUM_DEFENDER
Nathan Broad,MEDIUM_DEFENDER
Toby Nankervis,RUCK
Jayden Short,MEDIUM_DEFENDER
Jacob Hopper,MIDFIELDER
Tim Taranto,MIDFIELDER
Bayley Fritsch,MEDIUM_FORWARD
Charlie Spargo,MEDIUM_FORWARD
Kade Chandler,MIDFIELDER_FORWARD
Harry Sharp,MEDIUM_FORWARD
Jack Henderson,MEDIUM_FORWARD
Kysaiah Pickett,MIDFIELDER_FORWARD
Harrison Petty,KEY_DEFENDER
Trent Rivers,MEDIUM_DEFENDER
Jake Bowey,MEDIUM_DEFENDER
Bailey Laurie,MIDFIELDER
Andy Moniz-Wakefield,MEDIUM_DEFENDER
Tom Fullarton,KEY_FORWARD
Will Verrall,RUCK
Blake Howes,MEDIUM_DEFENDER
Judd McVee,MEDIUM_DEFENDER
Jacob van Rooyen,KEY_FORWARD
Taj Woewodin,MIDFIELDER
Jai Culley,MIDFIELDER
Daniel Turner,KEY_DEFENDER
Jed Adams,KEY_DEFENDER
Matthew Jefferson,KEY_FORWARD
Koltyn Tholstrup,MEDIUM_FORWARD
Aidan Johnson,KEY_FORWARD
Luker Kentfield,KEY_DEFENDER
Caleb Windsor,MEDIUM_DEFENDER
Kynan Brown,MIDFIELDER
Xavier Lindsay,MIDFIELDER
Harvey Langford,MIDFIELDER
Ricky Mentha,MEDIUM_FORWARD
Oliver Sestan,MEDIUM_DEFENDER
Jake Melksham,KEY_FORWARD
Steven May,KEY_DEFENDER
Tom Campbell,RUCK
Max Gawn,RUCK
Tom McDonald,KEY_DEFENDER
Jack Viney,MIDFIELDER
Jack Billings,MIDFIELDER
Christian Salem,MEDIUM_DEFENDER
Christian Petracca,MIDFIELDER
Ed Langdon,MIDFIELDER
Jake Lever,MEDIUM_DEFENDER
Shane McAdam,MEDIUM_FORWARD
Marty Hore,MEDIUM_DEFENDER
Clayton Oliver,MIDFIELDER
Tom Sparrow,MEDIUM_FORWARD
Liam Baker,MEDIUM_DEFENDER
Liam Ryan,MEDIUM_FORWARD
Oscar Allen,KEY_FORWARD
Bailey J. Williams,RUCK
Jack Petruccelle,MEDIUM_FORWARD
Callum Jamieson,KEY_DEFENDER
Harry Edwards,KEY_DEFENDER
Sandy Brock,KEY_DEFENDER
Tyler Brockman,MEDIUM_FORWARD
Matthew Owies,MEDIUM_FORWARD
Campbell Chesser,MIDFIELDER
Rhett Bazzo,KEY_DEFENDER
Lucca Grego,MIDFIELDER
Loch Rawlinson,MEDIUM_FORWARD
Harry Barnett,KEY_DEFENDER
Jack Williams,KEY_FORWARD
Elijah Hewett,MIDFIELDER
Jacob Newton,MEDIUM_FORWARD
Reuben Ginbey,MEDIUM_DEFENDER
Tyrell Dewar,MIDFIELDER
Brady Hough,MEDIUM_DEFENDER
Harley Reid,MIDFIELDER
Noah Long,MEDIUM_FORWARD
Clay Hall,MIDFIELDER
Archer Reid,KEY_FORWARD
Harvey Johnston,MEDIUM_DEFENDER
Coen Livingstone,RUCK
Bo Allan,MEDIUM_DEFENDER
Tom Gross,MIDFIELDER_FORWARD
Malakai Champion,MEDIUM_FORWARD
Ryan Maric,MEDIUM_DEFENDER
Jobe Shanahan,KEY_FORWARD
Hamish Davis,MIDFIELDER_FORWARD
Jack Hutchinson,MIDFIELDER
Tom McCarthy,MIDFIELDER
Jamie Cripps,MEDIUM_FORWARD
Elliot Yeo,MIDFIELDER
Jeremy McGovern,KEY_DEFENDER
Tim Kelly,MIDFIELDER
Dom Sheed,MIDFIELDER
Liam Duggan,MEDIUM_DEFENDER
Jack Graham,MIDFIELDER_FORWARD
Tom Cole,MEDIUM_DEFENDER
Matt Flynn,RUCK
Jayden Hunt,MIDFIELDER
Jake Waterman,KEY_FORWARD
